URL,AllMessagesFlag
https://t.me/FreeV2rays,true
https://t.me/configV2rayNG,true
https://t.me/vpnmasi,true
https://t.me/v2ray_ar,true
https://t.me/iSeqaro,true
https://t.me/God_CONFIG,true
https://t.me/vpn_ioss,true
https://t.me/AliAlma_GSM,true
https://t.me/reality_daily,true
https://t.me/v2rayng_org,false
https://t.me/v2rayngvpn,false
https://t.me/flyv2ray,false
https://t.me/v2ray_outlineir,false
https://t.me/v2_vmess,false
https://t.me/FreeVlessVpn,false
https://t.me/freeland8,false
https://t.me/vmess_vless_v2rayng,false
https://t.me/PrivateVPNs,false
https://t.me/vmessiran,false
https://t.me/Outline_Vpn,false
https://t.me/vmessq,false
https://t.me/WeePeeN,false
https://t.me/V2rayNG3,false
https://t.me/ShadowsocksM,false
https://t.me/shadowsocksshop,false
https://t.me/v2rayan,false
https://t.me/ShadowSocks_s,false
https://t.me/VmessProtocol,false
https://t.me/napsternetv_config,false
https://t.me/Easy_Free_VPN,false
https://t.me/V2Ray_FreedomIran,false
https://t.me/V2RAY_VMESS_free,false
https://t.me/v2ray_for_free,false
https://t.me/V2rayN_Free,false
https://t.me/free4allVPN,false
https://t.me/vpn_ocean,false
https://t.me/configV2rayForFree,false
https://t.me/DigiV2ray,false
https://t.me/v2rayNG_VPN,false
https://t.me/freev2rayssr,false
https://t.me/v2rayn_server,false
https://t.me/Shadowlinkserverr,false
https://t.me/iranvpnet,false
https://t.me/vmess_iran,false
https://t.me/mahsaamoon1,false
https://t.me/V2RAY_NEW,false
https://t.me/v2RayChannel,false
https://t.me/config_v2ray,false
https://t.me/vpn_proxy_custom,false
https://t.me/v2ray_custom,false
https://t.me/VPNCUSTOMIZE,false
https://t.me/HTTPCustomLand,false
https://t.me/vpn_proxy_custom,false
https://t.me/ViPVpn_v2ray,false
https://t.me/FreeNet1500,false
https://t.me/beta_v2ray,false
https://t.me/vip_vpn_2022,false
https://t.me/FOX_VPN66,false
https://t.me/VorTexIRN,false
https://t.me/YtTe3la,false
https://t.me/V2RayOxygen,false
https://t.me/Network_442,false
https://t.me/VPN_443,false
https://t.me/v2rayng_v,false
https://t.me/ultrasurf_12,false
https://t.me/frev2rayng,false
https://t.me/frev2ray,false
https://t.me/FreakConfig,false
https://t.me/Awlix_ir,false
https://t.me/v2rayngvpn,false
https://t.me/Configforvpn01,false
https://t.me/polproxy,false
https://t.me/v2rayvpnchannel,false
https://t.me/proxy_mtm,false
https://t.me/V2Ray_FreedomIran,false
https://t.me/v2rayfree1,false
https://t.me/free_v2rayyy,false
https://t.me/nx_v2ray,false
https://t.me/nufilter,false
https://t.me/Free_HTTPCustom,false
https://t.me/customv2ray,false
https://t.me/vpn_Nv1,false
https://t.me/shopingv2ray,false
https://t.me/v2rayng_vpnrog,false
https://t.me/ServerNett,false
https://t.me/MT_TEAM_IRAN,false
https://t.me/V2ray_Team,false
https://t.me/VpnProsecc,false
https://t.me/ConfigsHUB,false
https://t.me/melov2ray,false
https://t.me/V2pedia,false
https://t.me/FalconPolV2rayNG,false
https://t.me/ShadowProxy66,false
https://t.me/VPNCUSTOMIZE,false
https://t.me/prrofile_purple,false
https://t.me/MsV2ray,false
https://t.me/VlessConfig,false
https://t.me/vless_vmess,false
https://t.me/MehradLearn,false
https://t.me/kingofilter,false
https://t.me/IRN_VPN,false
https://t.me/V2raysFree,false
https://t.me/SvnTeam,false
https://t.me/flyv2ray,false
https://t.me/free1_vpn,false
https://t.me/UnlimitedDev,false
https://t.me/vpn_xw,false
https://t.me/V2RayTz,false
https://t.me/ipV2Ray,false
https://t.me/OutlineVpnOfficial,false
https://t.me/mehrosaboran,false
https://t.me/mftizi,false
https://t.me/https_config_injector,false
https://t.me/Hope_Net,false
https://t.me/V2rayng_Fast,false
https://t.me/DailyV2RY,false
https://t.me/shh_proxy,false
https://t.me/forwardv2ray,false
https://t.me/Lockey_vpn,false
https://t.me/shadow_socks1,true
https://t.me/Everyday_VPN,false
https://t.me/V2rayCollectorDonate,false
https://t.me/eliya_chiter0,true
https://t.me/v2ray1_ng,false
https://t.me/Romax_VPN,false
https://t.me/DailyV2RY,false
https://t.me/DeamNet_proxy,false
https://t.me/socks5tobefree,false
